{"learner":{"attributes":{"best_iteration":"9","best_ntree_limit":"10"},"feature_names":[],"feature_types":[],"gradient_booster":{"model":{"gbtree_model_param":{"num_parallel_tree":"1","num_trees":"10","size_leaf_vector":"0"},"tree_info":[0,0,0,0,0,0,0,0,0,0],"trees":[{"base_weights":[5.7894735E0,2.3529412E-1,3.5333332E1,-4.6666667E-1,3.6666667E0],"categories":[],"categories_nodes":[],"categories_segments":[],"categories_sizes":[],"default_left":[1,1,0,0,0],"id":0,"left_children":[1,3,-1,-1,-1],"loss_changes":[3.1094324E3,4.265882E1,0E0,0E0,0E0],"parents":[2147483647,0,0,1,1],"right_children":[2,4,-1,-1,-1],"split_conditions":[3.6567163E-1,2.238806E-2,5.936E1,-7.8400004E-1,6.1600003E0],"split_indices":[0,0,0,0,0],"split_type":[0,0,0,0,0],"sum_hessian":[1.8E1,1.6E1,2E0,1.4E1,2E0],"tree_param":{"num_deleted":"0","num_feature":"3","num_nodes":"5","size_leaf_vector":"0"}},{"base_weights":[-5.296843E-1,1.562353E-1,-4.2400002E0,1.9750014E-2,1.1699998E0,-9.93E0,3.5699997E0,2.650667E-1,-1.8300002E0],"categories":[],"categories_nodes":[],"categories_segments":[],"categories_sizes":[],"default_left":[1,1,1,1,0,0,0,0,0],"id":1,"left_children":[1,3,5,7,-1,-1,-1,-1,-1],"loss_changes":[4.9017033E1,2.3290794E0,1.6876678E2,7.7454658E0,0E0,0E0,0E0,0E0,0E0],"parents":[2147483647,0,0,1,1,2,2,3,3],"right_children":[2,4,6,8,-1,-1,-1,-1,-1],"split_conditions":[3.6567163E-1,8.955224E-2,7.9850745E-1,2.238806E-2,1.9655998E0,-1.6682402E1,5.9975996E0,4.4531208E-1,-3.0744004E0],"split_indices":[0,0,0,0,0,0,0,0,0],"split_type":[0,0,0,0,0,0,0,0,0],"sum_hessian":[1.8E1,1.6E1,2E0,1.5E1,1E0,1E0,1E0,1.4E1,1E0],"tree_param":{"num_deleted":"0","num_feature":"3","num_nodes":"9","size_leaf_vector":"0"}},{"base_weights":[-2.3709278E-1,-3.137314E-1,5.712013E-1,-1.4526872E-1,-1.5887985E0,-1.7774802E-1,1.8720007E-1,-1.505579E-1,-2.9279995E-1],"categories":[],"categories_nodes":[],"categories_segments":[],"categories_sizes":[],"default_left":[1,1,0,1,0,1,0,0,0],"id":2,"left_children":[1,3,-1,5,-1,7,-1,-1,-1],"loss_changes":[1.3561884E0,3.6356192E0,0E0,2.1684647E-1,0E0,5.969107E-3,0E0,0E0,0E0],"parents":[2147483647,0,0,1,1,3,3,5,5],"right_children":[2,4,-1,6,-1,8,-1,-1,-1],"split_conditions":[7.9850745E-1,3.6567163E-1,9.596183E-1,8.955224E-2,-2.6691816E0,2.238806E-2,3.1449613E-1,-2.529373E-1,-4.9190393E-1],"split_indices":[0,0,0,0,0,0,0,0,0],"split_type":[0,0,0,0,0,0,0,0,0],"sum_hessian":[1.8E1,1.7E1,1E0,1.6E1,1E0,1.5E1,1E0,1.4E1,1E0],"tree_param":{"num_deleted":"0","num_feature":"3","num_nodes":"9","size_leaf_vector":"0"}},{"base_weights":[4.8596393E-2,8.551689E-2,-7.188439E-2,-1.3555175E-1,9.139252E-2,-1.12639265E-2,-2.542076E-1,-4.684794E-2,2.995205E-2],"categories":[],"categories_nodes":[],"categories_segments":[],"categories_sizes":[],"default_left":[1,0,1,1,0,1,0,0,0],"id":3,"left_children":[1,-1,3,5,-1,7,-1,-1,-1],"loss_changes":[9.0663336E-2,0E0,6.436546E-2,5.6126542E-2,0E0,5.803081E-3,0E0,0E0,0E0],"parents":[2147483647,0,0,2,2,3,3,5,5],"right_children":[2,-1,4,6,-1,8,-1,-1,-1],"split_conditions":[2.238806E-2,1.4366838E-1,7.9850745E-1,3.6567163E-1,1.5353943E-1,8.955224E-2,-4.270688E-1,-7.870454E-2,5.0319444E-2],"split_indices":[0,0,0,0,0,0,0,0,0],"split_type":[0,0,0,0,0,0,0,0,0],"sum_hessian":[1.8E1,1.4E1,4E0,3E0,1E0,2E0,1E0,1E0,1E0],"tree_param":{"num_deleted":"0","num_feature":"3","num_nodes":"9","size_leaf_vector":"0"}},{"base_weights":[-4.1374315E-2,-4.5297522E-2,1.4621735E-2,-4.85736E-2,-2.1687865E-2,-1.8022856E-3,-4.0672302E-2,-7.4956417E-3,4.7922134E-3],"categories":[],"categories_nodes":[],"categories_segments":[],"categories_sizes":[],"default_left":[1,1,0,0,1,1,0,0,0],"id":4,"left_children":[1,3,-1,-1,5,7,-1,-1,-1],"loss_changes":[4.8363283E-3,3.3878535E-4,0E0,0E0,1.4367629E-3,1.485552E-4,0E0,0E0,0E0],"parents":[2147483647,0,0,1,1,4,4,5,5],"right_children":[2,4,-1,-1,6,8,-1,-1,-1],"split_conditions":[7.9850745E-1,2.238806E-2,2.4564516E-2,-8.160365E-2,3.6567163E-1,8.955224E-2,-6.832947E-2,-1.2592679E-2,8.050919E-3],"split_indices":[0,0,0,0,0,0,0,0,0],"split_type":[0,0,0,0,0,0,0,0,0],"sum_hessian":[1.8E1,1.7E1,1E0,1.4E1,3E0,2E0,1E0,1E0,1E0],"tree_param":{"num_deleted":"0","num_feature":"3","num_nodes":"9","size_leaf_vector":"0"}},{"base_weights":[2.129701E-2,2.7589805E-2,-1.8407821E-3,-3.4701824E-3,2.3384094E-3,-2.8832754E-4,-6.5078735E-3,-1.1992455E-3,7.6675415E-4],"categories":[],"categories_nodes":[],"categories_segments":[],"categories_sizes":[],"default_left":[1,0,1,1,0,1,0,0,0],"id":5,"left_children":[1,-1,3,5,-1,7,-1,-1,-1],"loss_changes":[2.8172135E-3,0E0,4.216259E-5,3.678557E-5,0E0,3.802805E-6,0E0,0E0,0E0],"parents":[2147483647,0,0,2,2,3,3,5,5],"right_children":[2,-1,4,6,-1,8,-1,-1,-1],"split_conditions":[2.238806E-2,4.6350874E-2,7.9850745E-1,3.6567163E-1,3.928528E-3,8.955224E-2,-1.0933228E-2,-2.0147325E-3,1.2881471E-3],"split_indices":[0,0,0,0,0,0,0,0,0],"split_type":[0,0,0,0,0,0,0,0,0],"sum_hessian":[1.8E1,1.4E1,4E0,3E0,1E0,2E0,1E0,1E0,1E0],"tree_param":{"num_deleted":"0","num_feature":"3","num_nodes":"9","size_leaf_vector":"0"}},{"base_weights":[-1.2449424E-2,-1.567101E-2,-2.9478074E-4,-5.553961E-4,3.7384033E-4],"categories":[],"categories_nodes":[],"categories_segments":[],"categories_sizes":[],"default_left":[1,0,1,0,0],"id":6,"left_children":[1,-1,3,-1,-1],"loss_changes":[7.393677E-4,0E0,1.078894E-6,9.416383E-7,0E0],"parents":[2147483647,0,0,2,2],"right_children":[2,-1,4,-1,-1],"split_conditions":[2.238806E-2,-2.6327297E-2,7.9850745E-1,-9.330654E-4,6.2805176E-4],"split_indices":[0,0,0,0,0],"split_type":[0,0,0,0,0],"sum_hessian":[1.8E1,1.4E1,4E0,3E0,1E0],"tree_param":{"num_deleted":"0","num_feature":"3","num_nodes":"5","size_leaf_vector":"0"}},{"base_weights":[7.064103E-3,8.901134E-3,1.4019012E-4,5.757014E-4,-3.4205118E-4],"categories":[],"categories_nodes":[],"categories_segments":[],"categories_sizes":[],"default_left":[1,0,1,0,0],"id":7,"left_children":[1,-1,3,-1,-1],"loss_changes":[2.4042156E-4,0E0,1.2470271E-6,0E0,3.1566256E-7],"parents":[2147483647,0,0,2,2],"right_children":[2,-1,4,-1,-1],"split_conditions":[2.238806E-2,1.4953906E-2,3.6567163E-1,9.6717844E-4,-5.74646E-4],"split_indices":[0,0,0,0,0],"split_type":[0,0,0,0,0],"sum_hessian":[1.8E1,1.4E1,4E0,2E0,2E0],"tree_param":{"num_deleted":"0","num_feature":"3","num_nodes":"5","size_leaf_vector":"0"}},{"base_weights":[-3.995936E-3,-5.0558443E-3,-1.7023087E-5],"categories":[],"categories_nodes":[],"categories_segments":[],"categories_sizes":[],"default_left":[1,0,0],"id":8,"left_children":[1,-1,-1],"loss_changes":[8.0042315E-5,0E0,3.914222E-7],"parents":[2147483647,0,0],"right_children":[2,-1,-1],"split_conditions":[2.238806E-2,-8.493818E-3,-2.8598788E-5],"split_indices":[0,0,0],"split_type":[0,0,0],"sum_hessian":[1.8E1,1.4E1,4E0],"tree_param":{"num_deleted":"0","num_feature":"3","num_nodes":"3","size_leaf_vector":"0"}},{"base_weights":[2.2686902E-3,2.8717192E-3,5.865097E-6],"categories":[],"categories_nodes":[],"categories_segments":[],"categories_sizes":[],"default_left":[1,0,0],"id":9,"left_children":[1,-1,-1],"loss_changes":[2.590959E-5,0E0,3.8340863E-7],"parents":[2147483647,0,0],"right_children":[2,-1,-1],"split_conditions":[2.238806E-2,4.8244884E-3,9.853364E-6],"split_indices":[0,0,0],"split_type":[0,0,0],"sum_hessian":[1.8E1,1.4E1,4E0],"tree_param":{"num_deleted":"0","num_feature":"3","num_nodes":"3","size_leaf_vector":"0"}}]},"name":"gbtree"},"learner_model_param":{"base_score":"5E-1","boost_from_average":"1","num_class":"0","num_feature":"3","num_target":"1"},"objective":{"name":"reg:squarederror","reg_loss_param":{"scale_pos_weight":"1"}}},"version":[1,7,6]}