{"learner":{"attributes":{"best_iteration":"9","best_ntree_limit":"10"},"feature_names":[],"feature_types":[],"gradient_booster":{"model":{"gbtree_model_param":{"num_parallel_tree":"1","num_trees":"10","size_leaf_vector":"0"},"tree_info":[0,0,0,0,0,0,0,0,0,0],"trees":[{"base_weights":[1.375E0,-3.5E-1,2.8181818E0,-4.4444445E-1,2.5E-1,1.125E0,3.3125E0],"categories":[],"categories_nodes":[],"categories_segments":[],"categories_sizes":[],"default_left":[1,1,1,0,0,0,0],"id":0,"left_children":[1,3,5,-1,-1,-1,-1],"loss_changes":[5.077614E1,6.7777777E-1,5.48011E0,0E0,0E0,0E0,0E0],"parents":[2147483647,0,0,1,1,2,2],"right_children":[2,4,6,-1,-1,-1,-1],"split_conditions":[2.1428573E-1,7.1428575E-2,3.5714287E-1,-7.466667E-1,4.2000002E-1,1.8900001E0,5.565E0],"split_indices":[0,0,0,0,0,0,0],"split_type":[0,0,0,0,0,0,0],"sum_hessian":[1.9E1,9E0,1E1,8E0,1E0,3E0,7E0],"tree_param":{"num_deleted":"0","num_feature":"3","num_nodes":"7","size_leaf_vector":"0"}},{"base_weights":[-5.7858336E-1,6.794873E-2,-1.556875E0,2.0533338E-1,-2.9250008E-1,-2.2208333E0,2.8999996E-1,2.1925932E-1,3.999999E-2,-3.250003E-2,4.6749997E-1],"categories":[],"categories_nodes":[],"categories_segments":[],"categories_sizes":[],"default_left":[1,1,1,1,0,0,1,0,0,0,0],"id":1,"left_children":[1,3,5,7,-1,-1,9,-1,-1,-1,-1],"loss_changes":[1.2755726E1,7.038218E-1,1.0454027E1,1.4253855E-2,0E0,0E0,1.8692502E-1,0E0,0E0,0E0,0E0],"parents":[2147483647,0,0,1,1,2,2,3,3,6,6],"right_children":[2,4,6,8,-1,-1,10,-1,-1,-1,-1],"split_conditions":[3.5714287E-1,2.1428573E-1,7.1428573E-1,7.1428575E-2,-4.9140015E-1,-3.7310002E0,9.2857146E-1,3.6835566E-1,6.719999E-2,-5.460005E-2,7.854E-1],"split_indices":[0,0,0,0,0,0,0,0,0,0,0],"split_type":[0,0,0,0,0,0,0,0,0,0,0],"sum_hessian":[1.9E1,1.2E1,7E0,9E0,3E0,5E0,2E0,8E0,1E0,1E0,1E0],"tree_param":{"num_deleted":"0","num_feature":"3","num_nodes":"11","size_leaf_vector":"0"}},{"base_weights":[2.4063447E-1,-5.0500877E-2,6.8365014E-1,-1.0816794E-1,6.340001E-2,8.8833344E-1,4.640007E-2,6.399989E-3,7.605001E-2,-5.199909E-3,7.4800014E-2],"categories":[],"categories_nodes":[],"categories_segments":[],"categories_sizes":[],"default_left":[1,1,1,0,1,0,1,0,0,0,0],"id":2,"left_children":[1,3,5,-1,7,-1,9,-1,-1,-1,-1],"loss_changes":[2.6140752E0,9.224612E-2,1.0022571E0,0E0,3.1185336E-3,0E0,4.7852634E-3,0E0,0E0,0E0,0E0],"parents":[2147483647,0,0,1,1,2,2,4,4,6,6],"right_children":[2,4,6,-1,8,-1,10,-1,-1,-1,-1],"split_conditions":[3.5714287E-1,7.1428575E-2,7.1428573E-1,-1.8172215E-1,2.1428573E-1,1.4924003E0,9.2857146E-1,1.0751982E-2,1.2776403E-1,-8.735848E-3,1.2566403E-1],"split_indices":[0,0,0,0,0,0,0,0,0,0,0],"split_type":[0,0,0,0,0,0,0,0,0,0,0],"sum_hessian":[1.9E1,1.2E1,7E0,8E0,4E0,5E0,2E0,1E0,3E0,1E0,1E0],"tree_param":{"num_deleted":"0","num_feature":"3","num_nodes":"11","size_leaf_vector":"0"}},{"base_weights":[-8.532541E-2,3.1017037E-2,-2.6371622E-1,5.336286E-2,-1.5408849E-2,-6.198002E-1,7.389422E-2,1.0240078E-3,-1.9773066E-2,1.1573315E-1,7.4238777E-3,-8.3208084E-4,1.1967897E-2],"categories":[],"categories_nodes":[],"categories_segments":[],"categories_sizes":[],"default_left":[1,1,1,0,1,0,1,0,0,0,1,0,0],"id":3,"left_children":[1,3,5,-1,7,-1,9,-1,-1,-1,11,-1,-1],"loss_changes":[4.2326817E-1,1.4308779E-2,1.007541E0,0E0,3.788306E-4,0E0,1.3046052E-2,0E0,0E0,0E0,1.2250399E-4,0E0,0E0],"parents":[2147483647,0,0,1,1,2,2,4,4,6,6,10,10],"right_children":[2,4,6,-1,8,-1,10,-1,-1,-1,12,-1,-1],"split_conditions":[3.5714287E-1,7.1428575E-2,5E-1,8.964961E-2,2.1428573E-1,-1.0412644E0,7.1428573E-1,1.7203331E-3,-3.3218753E-2,1.9443169E-1,9.2857146E-1,-1.3978959E-3,2.0106068E-2],"split_indices":[0,0,0,0,0,0,0,0,0,0,0,0,0],"split_type":[0,0,0,0,0,0,0,0,0,0,0,0,0],"sum_hessian":[1.9E1,1.2E1,7E0,8E0,4E0,3E0,4E0,1E0,3E0,2E0,2E0,1E0,1E0],"tree_param":{"num_deleted":"0","num_feature":"3","num_nodes":"13","size_leaf_vector":"0"}},{"base_weights":[1.9522652E-2,-1.6618421E-2,7.5811565E-2,-2.6325682E-2,4.178333E-3,1.6114819E-1,-7.6200487E-3,1.6385317E-4,5.14099E-3,-1.38880415E-2,1.1879603E-3,-1.3303757E-4,1.914978E-3],"categories":[],"categories_nodes":[],"categories_segments":[],"categories_sizes":[],"default_left":[1,1,1,0,1,0,1,0,0,0,1,0,0],"id":4,"left_children":[1,3,5,-1,7,-1,9,-1,-1,-1,11,-1,-1],"loss_changes":[4.19467E-2,2.7344315E-3,5.818614E-2,0E0,1.848046E-5,0E0,2.9254108E-4,0E0,0E0,0E0,3.1359305E-6,0E0,0E0],"parents":[2147483647,0,0,1,1,2,2,4,4,6,6,10,10],"right_children":[2,4,6,-1,8,-1,10,-1,-1,-1,12,-1,-1],"split_conditions":[3.5714287E-1,7.1428575E-2,5E-1,-4.422715E-2,2.1428573E-1,2.7072898E-1,7.1428573E-1,2.7527334E-4,8.636864E-3,-2.333191E-2,9.2857146E-1,-2.2350313E-4,3.2171633E-3],"split_indices":[0,0,0,0,0,0,0,0,0,0,0,0,0],"split_type":[0,0,0,0,0,0,0,0,0,0,0,0,0],"sum_hessian":[1.9E1,1.2E1,7E0,8E0,4E0,3E0,4E0,1E0,3E0,2E0,2E0,1E0,1E0],"tree_param":{"num_deleted":"0","num_feature":"3","num_nodes":"13","size_leaf_vector":"0"}},{"base_weights":[-2.5216267E-3,8.583997E-3,-2.0253062E-2,1.2987339E-2,-1.0588169E-3,-4.189861E-2,1.113987E-3,2.6226044E-5,-1.3366342E-3,1.6665459E-3,1.9009908E-4],"categories":[],"categories_nodes":[],"categories_segments":[],"categories_sizes":[],"default_left":[1,1,1,0,1,0,1,0,0,0,0],"id":5,"left_children":[1,3,5,-1,7,-1,9,-1,-1,-1,-1],"loss_changes":[4.112225E-3,5.657391E-4,3.746686E-3,0E0,1.5422734E-6,0E0,2.2357035E-6,0E0,0E0,0E0,8.021008E-8],"parents":[2147483647,0,0,1,1,2,2,4,4,6,6],"right_children":[2,4,6,-1,8,-1,10,-1,-1,-1,-1],"split_conditions":[3.5714287E-1,7.1428575E-2,5E-1,2.1818731E-2,2.1428573E-1,-7.0389666E-2,7.1428573E-1,4.4059754E-5,-2.2455454E-3,2.799797E-3,3.1936646E-4],"split_indices":[0,0,0,0,0,0,0,0,0,0,0],"split_type":[0,0,0,0,0,0,0,0,0,0,0],"sum_hessian":[1.9E1,1.2E1,7E0,8E0,4E0,3E0,4E0,1E0,3E0,2E0,2E0],"tree_param":{"num_deleted":"0","num_feature":"3","num_nodes":"11","size_leaf_vector":"0"}},{"base_weights":[-6.679505E-4,-6.4070886E-3,3.6920656E-3,5.621664E-3,-1.3370514E-4,2.7970076E-4,1.08937025E-2],"categories":[],"categories_nodes":[],"categories_segments":[],"categories_sizes":[],"default_left":[1,0,1,1,0,0,0],"id":6,"left_children":[1,-1,3,5,-1,-1,-1],"loss_changes":[5.241101E-4,0E0,8.9338035E-5,2.2225731E-4,1.8486934E-7,9.196691E-8,0E0],"parents":[2147483647,0,0,2,2,3,3],"right_children":[2,-1,4,6,-1,-1,-1],"split_conditions":[7.1428575E-2,-1.076391E-2,5E-1,3.5714287E-1,-2.2462464E-4,4.698973E-4,1.8301422E-2],"split_indices":[0,0,0,0,0,0,0],"split_type":[0,0,0,0,0,0,0],"sum_hessian":[1.9E1,8E0,1.1E1,7E0,4E0,4E0,3E0],"tree_param":{"num_deleted":"0","num_feature":"3","num_nodes":"7","size_leaf_vector":"0"}},{"base_weights":[8.433446E-4,3.160831E-3,-9.6504885E-4,-1.4763027E-3,4.5967103E-5,-9.615421E-5,-2.8324127E-3],"categories":[],"categories_nodes":[],"categories_segments":[],"categories_sizes":[],"default_left":[1,0,1,1,0,0,0],"id":7,"left_children":[1,-1,3,5,-1,-1,-1],"loss_changes":[8.68689E-5,0E0,6.270492E-6,1.4700716E-5,1.4425432E-7,6.0337356E-8,0E0],"parents":[2147483647,0,0,2,2,3,3],"right_children":[2,-1,4,6,-1,-1,-1],"split_conditions":[7.1428575E-2,5.3101964E-3,5E-1,3.5714287E-1,7.722474E-5,-1.6153908E-4,-4.7584535E-3],"split_indices":[0,0,0,0,0,0,0],"split_type":[0,0,0,0,0,0,0],"sum_hessian":[1.9E1,8E0,1.1E1,7E0,4E0,4E0,3E0],"tree_param":{"num_deleted":"0","num_feature":"3","num_nodes":"7","size_leaf_vector":"0"}},{"base_weights":[-5.5012404E-4,-1.5593437E-3,2.526343E-4],"categories":[],"categories_nodes":[],"categories_segments":[],"categories_sizes":[],"default_left":[1,0,0],"id":8,"left_children":[1,-1,-1],"loss_changes":[1.6597132E-5,0E0,4.449726E-7],"parents":[2147483647,0,0],"right_children":[2,-1,-1],"split_conditions":[7.1428575E-2,-2.6196975E-3,4.244256E-4],"split_indices":[0,0,0],"split_type":[0,0,0],"sum_hessian":[1.9E1,8E0,1.1E1],"tree_param":{"num_deleted":"0","num_feature":"3","num_nodes":"3","size_leaf_vector":"0"}},{"base_weights":[2.6432527E-4,7.692764E-4,-1.3641517E-4],"categories":[],"categories_nodes":[],"categories_segments":[],"categories_sizes":[],"default_left":[1,0,0],"id":9,"left_children":[1,-1,-1],