{"learner":{"attributes":{"best_iteration":"9","best_ntree_limit":"10"},"feature_names":[],"feature_types":[],"gradient_booster":{"model":{"gbtree_model_param":{"num_parallel_tree":"1","num_trees":"10","size_leaf_vector":"0"},"tree_info":[0,0,0,0,0,0,0,0,0,0],"trees":[{"base_weights":[2.6666667E0,-8.3333336E-2,1.4375E1,-4.7058824E-1,3.25E0],"categories":[],"categories_nodes":[],"categories_segments":[],"categories_sizes":[],"default_left":[1,1,0,0,0],"id":0,"left_children":[1,3,-1,-1,-1],"loss_changes":[6.773542E2,2.4764706E1,0E0,0E0,0E0],"parents":[2147483647,0,0,1,1],"right_children":[2,4,-1,-1,-1],"split_conditions":[3.5E-1,1.1666667E-1,2.4150002E1,-7.9058826E-1,5.46E0],"split_indices":[0,0,0,0,0],"split_type":[0,0,0,0,0],"sum_hessian":[2E1,1.7E1,3E0,1.6E1,1E0],"tree_param":{"num_deleted":"0","num_feature":"3","num_nodes":"5","size_leaf_vector":"0"}},{"base_weights":[-4.4098058E-1,3.1607845E-1,-3.7375011E0,2.7349484E-1,5.2E-1,-6.766668E0,2.6749992E0],"categories":[],"categories_nodes":[],"categories_segments":[],"categories_sizes":[],"default_left":[1,1,1,0,0,0,0],"id":1,"left_children":[1,3,5,-1,-1,-1,-1],"loss_changes":[5.359022E1,1.4089584E-2,9.5798965E1,0E0,0E0,0E0,0E0],"parents":[2147483647,0,0,1,1,2,2],"right_children":[2,4,6,-1,-1,-1,-1],"split_conditions":[3.5E-1,1.1666667E-1,7.5E-1,4.5947134E-1,8.736E-1,-1.1368003E1,4.493999E0],"split_indices":[0,0,0,0,0,0,0],"split_type":[0,0,0,0,0,0,0],"sum_hessian":[2E1,1.7E1,3E0,1.6E1,1E0,2E0,1E0],"tree_param":{"num_deleted":"0","num_feature":"3","num_nodes":"7","size_leaf_vector":"0"}},{"base_weights":[3.6012966E-2,-1.4087385E-1,8.2300043E-1,-1.5894878E-1,8.319998E-2],"categories":[],"categories_nodes":[],"categories_segments":[],"categories_sizes":[],"default_left":[1,1,0,0,0],"id":2,"left_children":[1,3,-1,-1,-1],"loss_changes":[3.0393014E0,8.6126685E-2,0E0,0E0,0E0],"parents":[2147483647,0,0,1,1],"right_children":[2,4,-1,-1,-1],"split_conditions":[3.5E-1,1.1666667E-1,1.3826408E0,-2.6703396E-1,1.3977596E-1],"split_indices":[0,0,0,0,0],"split_type":[0,0,0,0,0],"sum_hessian":[2E1,1.7E1,3E0,1.6E1,1E0],"tree_param":{"num_deleted":"0","num_feature":"3","num_nodes":"5","size_leaf_vector":"0"}},{"base_weights":[3.5291307E-2,8.8724345E-2,-2.139802E-1,9.23773E-2,1.3312101E-2,-3.3231974E-1,-6.376044E-2,1.6768026E-1,-2.6332092E-1],"categories":[],"categories_nodes":[],"categories_segments":[],"categories_sizes":[],"default_left":[1,1,1,0,0,0,1,0,0],"id":3,"left_children":[1,3,5,-1,-1,-1,7,-1,-1],"loss_changes":[2.9869127E-1,3.7288666E-3,4.9918905E-2,0E0,0E0,0E0,1.8271299E-1,0E0,0E0],"parents":[2147483647,0,0,1,1,2,2,6,6],"right_children":[2,4,6,-1,-1,-1,8,-1,-1],"split_conditions":[3.5E-1,1.1666667E-1,4.8333335E-1,1.5519387E-1,2.2364331E-2,-5.5829716E-1,7.5E-1,2.8170285E-1,-4.4237918E-1],"split_indices":[0,0,0,0,0,0,0,0,0],"split_type":[0,0,0,0,0,0,0,0,0],"sum_hessian":[2E1,1.7E1,3E0,1.6E1,1E0,1E0,2E0,1E0,1E0],"tree_param":{"num_deleted":"0","num_feature":"3","num_nodes":"9","size_leaf_vector":"0"}},{"base_weights":[-4.977978E-2,-5.6612782E-2,-6.5863132E-3,1.9305864E-2,-4.2131424E-2,2.1300316E-3,2.6828766E-2],"categories":[],"categories_nodes":[],"categories_segments":[],"categories_sizes":[],"default_left":[1,0,1,1,0,0,0],"id":4,"left_children":[1,-1,3,5,-1,-1,-1],"loss_changes":[5.825095E-3,0E0,4.4947453E-3,3.3049018E-4,0E0,0E0,0E0],"parents":[2147483647,0,0,2,2,3,3],"right_children":[2,-1,4,6,-1,-1,-1],"split_conditions":[1.1666667E-1,-9.510948E-2,7.5E-1,3.6666667E-1,-7.078079E-2,3.578453E-3,4.507233E-2],"split_indices":[1,0,0,0,0,0,0],"split_type":[0,0,0,0,0,0,0],"sum_hessian":[2E1,1.7E1,3E0,2E0,1E0,1E0,1E0],"tree_param":{"num_deleted":"0","num_feature":"3","num_nodes":"7","size_leaf_vector":"0"}},{"base_weights":[2.8267464E-2,3.5827287E-2,-3.089428E-3,-4.914999E-4,-6.74057E-3,-5.616188E-3,3.088792E-3,3.4070015E-4,4.292488E-3],"categories":[],"categories_nodes":[],"categories_segments":[],"categories_sizes":[],"default_left":[1,0,1,1,0,0,1,0,0],"id":5,"left_children":[1,-1,3,5,-1,-1,7,-1,-1],"loss_changes":[5.0887875E-3,0E0,4.4114036E-5,9.073876E-5,0E0,0E0,8.461147E-6,0E0,0E0],"parents":[2147483647,0,0,2,2,3,3,6,6],"right_children":[2,-1,4,6,-1,-1,8,-1,-1],"split_conditions":[1.1666667E-1,6.0189843E-2,7.5E-1,1.1666667E-1,-1.1324158E-2,-9.435196E-3,3.6666667E-1,5.723763E-4,7.21138E-3],"split_indices":[0,0,0,1,0,0,0,0,0],"split_type":[0,0,0,0,0,0,0,0,0],"sum_hessian":[2E1,1.6E1,4E0,3E0,1E0,1E0,2E0,1E0,1E0],"tree_param":{"num_deleted":"0","num_feature":"3","num_nodes":"9","size_leaf_vector":"0"}},{"base_weights":[-1.6973576E-2,-2.0821977E-2,-4.942894E-4,-7.855892E-5,-1.0786057E-3,-8.983612E-4,4.9416226E-4],"categories":[],"categories_nodes":[],"categories_segments":[],"categories_sizes":[],"default_left":[1,0,1,1,0,0,0],"id":6,"left_children":[1,-1,3,5,-1,-1,-1],"loss_changes":[1.3215048E-3,0E0,1.1298563E-6,2.3220086E-6,0E0,0E0,2.1633701E-7],"parents":[2147483647,0,0,2,2,3,3],"right_children":[2,-1,4,6,-1,-1,-1],"split_conditions":[1.1666667E-1,-3.4980923E-2,7.5E-1,1.1666667E-1,-1.8120576E-3,-1.5092469E-3,8.3019264E-4],"split_indices":[0,0,0,1,0,0,0],"split_type":[0,0,0,0,0,0,0],"sum_hessian":[2E1,1.6E1,4E0,3E0,1E0,1E0,2E0],"tree_param":{"num_deleted":"0","num_feature":"3","num_nodes":"7","size_leaf_vector":"0"}},{"base_weights":[9.757644E-3,1.2101243E-2,-1.6212463E-4],"categories":[],"categories_nodes":[],"categories_segments":[],"categories_sizes":[],"default_left":[1,0,0],"id":7,"left_children":[1,-1,-1],"loss_changes":[4.9016904E-4,0E0,2.2027902E-7],"parents":[2147483647,0,0],"right_children":[2,-1,-1],"split_conditions":[1.1666667E-1,2.033009E-2,-2.723694E-4],"split_indices":[0,0,0],"split_type":[0,0,0],"sum_hessian":[2E1,1.6E1,4E0],"tree_param":{"num_deleted":"0","num_feature":"3","num_nodes":"3","size_leaf_vector":"0"}},{"base_weights":[-5.680019E-3,-7.032959E-3,5.5980683E-5],"categories":[],"categories_nodes":[],"categories_segments":[],"categories_sizes":[],"default_left":[1,0,0],"id":8,"left_children":[1,-1,-1],"loss_changes":[1.6336341E-4,0E0,2.3976278E-7],"parents":[2147483647,0,0],"right_children":[2,-1,-1],"split_conditions":[1.1666667E-1,-1.1815371E-2,9.404755E-5],"split_indices":[0,0,0],"split_type":[0,0,0],"sum_hessian":[2E1,1.6E1,4E0],"tree_param":{"num_deleted":"0","num_feature":"3","num_nodes":"3","size_leaf_vector":"0"}},{"base_weights":[3.304253E-3,4.0873904E-3,-1.9264222E-5],"categories":[],"categories_nodes":[],"categories_segments":[],"categories_sizes":[],"default_left":[1,0,0],"id":9,"left_children":[1,-1,-1],"loss_changes":[5.4736927E-5,0E0,2.4225676E-7],"parents":[2147483647,0,0],"right_children":[2,-1,-1],"split_conditions":[1.1666667E-1,6.866816E-3,-3.2363892E-5],"split_indices":[0,0,0],"split_type":[0,0,0],"sum_hessian":[2E1,1.6E1,4E0],"tree_param":{"num_deleted":"0","num_feature":"3","num_nodes":"3","size_leaf_vector":"0"}}]},"name":"gbtree"},"learner_model_param":{"base_score":"5E-1","boost_from_average":"1","num_class":"0","num_feature":"3","num_target":"1"},"objective":{"name":"reg:squarederror","reg_loss_param":{"scale_pos_weight":"1"}}},"version":[1,7,6]}